[{"model": "auth.user", "pk": 1, "fields": {"password": "pbkdf2_sha256$600000$4AK5bugm7eHYmTpTBX6a0J$eLnWdw3/erYs7kTUf6f7rDiiBIcNoHIURzfAWBSMefY=", "last_login": "2025-07-09T11:58:09.235Z", "is_superuser": true, "username": "admin", "first_name": "", "last_name": "", "email": "", "is_staff": true, "is_active": true, "date_joined": "2023-08-20T08:44:21.168Z", "groups": [], "user_permissions": []}}, {"model": "auth.user", "pk": 2, "fields": {"password": "pbkdf2_sha256$600000$j8vvTJVsXXlt07eenO6R6n$TdT/fzq/sTs5++YH0tfhNDbHqugi46C0ceM+YdOhvXY=", "last_login": "2023-08-28T18:32:47.016Z", "is_superuser": false, "username": "andmak", "first_name": "Maksim", "last_name": "Andrienko", "email": "andmak2710@gmail.com", "is_staff": false, "is_active": true, "date_joined": "2023-08-28T18:32:33.650Z", "groups": [], "user_permissions": []}}, {"model": "auth.user", "pk": 3, "fields": {"password": "pbkdf2_sha256$600000$I3szFcmt3JldYxTnelRImx$Brzj+iLP/TKJ0LcrQQiLFHojkCiVKQ8RNLggH1cW938=", "last_login": "2023-08-28T18:35:25.538Z", "is_superuser": false, "username": "maks", "first_name": "╠ръёшь", "last_name": "└эфЁшхэъю", "email": "andmak2710@gmail.com", "is_staff": false, "is_active": true, "date_joined": "2023-08-28T18:35:07.930Z", "groups": [], "user_permissions": []}}, {"model": "sessions.session", "pk": "5323nojmvrbge81tihjix52gjbohtshe", "fields": {"session_data": ".eJxVjEEOwiAQRe_C2pAhgIBL956BzMAgVQNJaVeNd9cmXej2v_f-JiKuS43r4DlOWVyEEqffjTA9ue0gP7Ddu0y9LfNEclfkQYe89cyv6-H-HVQc9VunHApZlYCTtRoNZdDgDTlIYJwBx2wzBoPeA2rHhagoRH-2DoMzQbw_9TU4LA:1qc1lD:UhLxtTvHQGuslj6FrUTTGDWc1vtB3GM70zJf2NJIonY", "expire_date": "2023-09-15T10:52:19.391Z"}}, {"model": "sessions.session", "pk": "73bkoqy3sepe9v37q57rkscrxegtk1mv", "fields": {"session_data": ".eJxVjEEOwiAQRe_C2pAhgIBL956BzMAgVQNJaVeNd9cmXej2v_f-JiKuS43r4DlOWVyEEqffjTA9ue0gP7Ddu0y9LfNEclfkQYe89cyv6-H-HVQc9VunHApZlYCTtRoNZdDgDTlIYJwBx2wzBoPeA2rHhagoRH-2DoMzQbw_9TU4LA:1u1PA0:3LnwgGFyuHmXXt7tX3HsxuuG1T8-3cvyV1e3yjIi01Y", "expire_date": "2025-04-20T12:31:36.038Z"}}, {"model": "sessions.session", "pk": "9v6s3xawj5f606902bwlszv6uohs5h8d", "fields": {"session_data": ".eJxVjEEOwiAQRe_C2pAhgIBL956BzMAgVQNJaVeNd9cmXej2v_f-JiKuS43r4DlOWVyEEqffjTA9ue0gP7Ddu0y9LfNEclfkQYe89cyv6-H-HVQc9VunHApZlYCTtRoNZdDgDTlIYJwBx2wzBoPeA2rHhagoRH-2DoMzQbw_9TU4LA:1uZTRB:wI1XvSc6vGNGiy9R4LKKfH-a1cVpvzonNjIEZ7HYD90", "expire_date": "2025-07-23T11:58:09.248Z"}}, {"model": "sessions.session", "pk": "asr5emiboz4tthv0sewk27739xvs9uwj", "fields": {"session_data": ".eJxVjEEOwiAQRe_C2pAhgIBL956BzMAgVQNJaVeNd9cmXej2v_f-JiKuS43r4DlOWVyEEqffjTA9ue0gP7Ddu0y9LfNEclfkQYe89cyv6-H-HVQc9VunHApZlYCTtRoNZdDgDTlIYJwBx2wzBoPeA2rHhagoRH-2DoMzQbw_9TU4LA:1tk0y8:O4_OqNdALWJTsLeRqsZziX50hExGEKA7UQtFUPC4yn4", "expire_date": "2025-03-03T13:15:28.554Z"}}, {"model": "sessions.session", "pk": "f0w0ohn9zdlz0py8dvv7aoeqod98mi1j", "fields": {"session_data": ".eJxVjEEOwiAQRe_C2pAhgIBL956BzMAgVQNJaVeNd9cmXej2v_f-JiKuS43r4DlOWVyEEqffjTA9ue0gP7Ddu0y9LfNEclfkQYe89cyv6-H-HVQc9VunHApZlYCTtRoNZdDgDTlIYJwBx2wzBoPeA2rHhagoRH-2DoMzQbw_9TU4LA:1uBtSw:DCv9njDWZQkxOMTpFVn2Sp79QXq_G4e-pLrflRGncks", "expire_date": "2025-05-19T10:54:30.386Z"}}, {"model": "sessions.session", "pk": "fv7emulbzt0b5e1nm1h5s5humzblixzw", "fields": {"session_data": ".eJxVjEEOwiAQRe_C2pAhgIBL956BzMAgVQNJaVeNd9cmXej2v_f-JiKuS43r4DlOWVyEEqffjTA9ue0gP7Ddu0y9LfNEclfkQYe89cyv6-H-HVQc9VunHApZlYCTtRoNZdDgDTlIYJwBx2wzBoPeA2rHhagoRH-2DoMzQbw_9TU4LA:1qht0h:y9a5la1PklHg3bEeA-9FaOG_1ab8xmCZZwKIlws4WVg", "expire_date": "2023-10-01T14:44:31.099Z"}}, {"model": "sessions.session", "pk": "gvjs29z8wv95kh7qt47cmx0hx10w62c5", "fields": {"session_data": ".eJxVjEEOwiAQRe_C2pAhgIBL956BzMAgVQNJaVeNd9cmXej2v_f-JiKuS43r4DlOWVyEEqffjTA9ue0gP7Ddu0y9LfNEclfkQYe89cyv6-H-HVQc9VunHApZlYCTtRoNZdDgDTlIYJwBx2wzBoPeA2rHhagoRH-2DoMzQbw_9TU4LA:1rWwzz:AVNjjInNjsPogFLzdkLNoSszTdcyNb8LI8WyuJbjOW8", "expire_date": "2024-02-19T11:18:51.135Z"}}, {"model": "sessions.session", "pk": "kow8besnjj0eomz7yybcgehtmv913wnt", "fields": {"session_data": ".eJxVjEEOwiAQRe_C2pAhgIBL956BzMAgVQNJaVeNd9cmXej2v_f-JiKuS43r4DlOWVyEEqffjTA9ue0gP7Ddu0y9LfNEclfkQYe89cyv6-H-HVQc9VunHApZlYCTtRoNZdDgDTlIYJwBx2wzBoPeA2rHhagoRH-2DoMzQbw_9TU4LA:1rp6i3:ocx0lk_mX2ZzCCCol90nO-djHEzqe_FT9hzvZ4sAkv4", "expire_date": "2024-04-09T13:19:23.702Z"}}, {"model": "sessions.session", "pk": "waiaik0aa3l5ogp9p2oj8oi4zhft4wi2", "fields": {"session_data": ".eJxVjEEOwiAQRe_C2pAhgIBL956BzMAgVQNJaVeNd9cmXej2v_f-JiKuS43r4DlOWVyEEqffjTA9ue0gP7Ddu0y9LfNEclfkQYe89cyv6-H-HVQc9VunHApZlYCTtRoNZdDgDTlIYJwBx2wzBoPeA2rHhagoRH-2DoMzQbw_9TU4LA:1stNEv:nCERQvKx_Y6XDSxZL1LAZJMZdv18ysUBoiDqmeptbiU", "expire_date": "2024-10-09T08:19:13.144Z"}}, {"model": "sessions.session", "pk": "ye8o9wl8mqm0vwqcs2swf0rhx9pvebm7", "fields": {"session_data": ".eJxVjEEOwiAQRe_C2pAhgIBL956BzMAgVQNJaVeNd9cmXej2v_f-JiKuS43r4DlOWVyEEqffjTA9ue0gP7Ddu0y9LfNEclfkQYe89cyv6-H-HVQc9VunHApZlYCTtRoNZdDgDTlIYJwBx2wzBoPeA2rHhagoRH-2DoMzQbw_9TU4LA:1rvZRX:P6N4o-eVOyy5EYOCiFEpJzs0fQbwweq5K_uYXhp0bes", "expire_date": "2024-04-27T09:13:03.120Z"}}, {"model": "mstore.product", "pk": 1, "fields": {"name": "Way Kambas Maple", "slug": "way-kambas-maple", "description": "<h4 class=\"info-product__label\">Material</h4>\r\n<div class=\"info-product__text\"><p>MATOA Way Kambas - Sumatran Rhino comes with a material form of Makassar Ebony (Diospyros celebica). This wood is chosen to represent the Sumatran Rhino's skin which is designed with an overlap effect on its strap to represent Rhino's skin. Sumatran Rhino has unique skin fold, the skin is fairly thin about 10-16mm, and is soft and pliable. </p></div>\r\n<h4 class=\"info-product__label\">Movement</h4>\r\n<div class=\"info-product__text\"><p>For the first time, MATOA comes with Seiko VD78 movement with a small second function and equipped with K1 flat glass to enhance the durability. </p></div>\r\n<h4 class=\"info-product__label\">Hand </h4>\r\n<div class=\"info-product__text\"><p>The hour, minute & small second hands on MATOA Way Kambas - Sumatran Rhino is outfitted with skeleton hand and brush finished with Gold Matte color. This new design aims at adding a value for this special edition. </p></div>\r\n<h4 class=\"info-product__label\">Important to Note</h4>\r\n <div class=\"info-product__text\"><p>Wood color on watches is produced from a combination of mature and fresh wood but should not be viewed as a defect. It is a very natural process of wood aging.</p></div>", "description_for_slider": "MATOA Way Kambas made from the highest level of detail to create a more realistic curve where it represents the skin of Sumatran RhinoТs.", "time_create": "2023-08-20T09:13:36.028Z", "time_edited": "2023-08-22T12:29:56.253Z", "is_published": true, "category": 1, "new": false, "hit": true, "model": "MAPLE", "related_product": 2, "card_image": "photos/product_images/2023/08/20/01-preview.jpg", "card_image_webp": "photos/product_images/51fbcec5b0f74202859f9af389c4b97f.webp", "main_image": "photos/product_images/2023/08/20/01-main.png", "main_image_webp": "photos/product_images/711111d0f6544712a52485d121433aaa.webp", "price": 87, "discount": 20, "favourites": [1]}}, {"model": "mstore.product", "pk": 2, "fields": {"name": "Way Kambas Ebony", "slug": "way-kambas-ebony", "description": "<h4 class=\"info-product__label\">Material </h4>\r\n<div class=\"info-product__text\"><p>MATOA Way Kambas - Sumatran Rhino comes with a material form of Makassar Ebony (Diospyros celebica). This wood is chosen to represent the Sumatran Rhino's skin which is designed with an overlap effect on its strap to represent Rhino's skin. Sumatran Rhino has unique skin fold, the skin is fairly thin about 10-16mm, and is soft and pliable. </p></div>\r\n<h4 class=\"info-product__label\">Movement</h4>\r\n<div class=\"info-product__text\"><p>For the first time, MATOA comes with Seiko VD78 movement with a small second function and equipped with K1 flat glass to enhance the durability. </p></div>\r\n<h4 class=\"info-product__label\">Hand</h4>\r\n<div class=\"info-product__text\"><p>The hour, minute & small second hands on MATOA Way Kambas - Sumatran Rhino is outfitted with skeleton hand and brush finished with Gold Matte color. This new design aims at adding a value for this special edition. </p></div>\r\n<h4 class=\"info-product__label\">Important to Note</h4>\r\n<div class=\"info-product__text\"><p>Wood color on watches is produced from a combination of mature and fresh wood but should not be viewed as a defect. It is a very natural process of wood aging.</p></div>", "description_for_slider": "", "time_create": "2023-08-20T09:28:34.328Z", "time_edited": "2023-08-22T12:33:49.291Z", "is_published": true, "category": 1, "new": false, "hit": false, "model": "EBONY", "related_product": 1, "card_image": "photos/product_images/2023/08/20/02-preview.jpg", "card_image_webp": "photos/product_images/48b4cd848b0f44dda6a421969bde8ba7.webp", "main_image": "photos/product_images/2023/08/20/02-main.png", "main_image_webp": "photos/product_images/518a57797cbf418eb9ca098f277c0e14.webp", "price": 87, "discount": 20, "favourites": [1]}}, {"model": "mstore.product", "pk": 3, "fields": {"name": "Way Kambas Mini Maple", "slug": "way-kambas-mini-maple", "description": "<h4 class=\"info-product__label\">Material</h4>\r\n<div class=\"info-product__text\"><p>MATOA Way Kambas - Sumatran Rhino comes with a material form of Makassar Ebony (Diospyros celebica). This wood is chosen to represent the Sumatran Rhino's skin which is designed with an overlap effect on its strap to represent Rhino's skin. Sumatran Rhino has unique skin fold, the skin is fairly thin about 10-16mm, and is soft and pliable. </p></div>\r\n<h4 class=\"info-product__label\">Case</h4>\r\n<div class=\"info-product__text\"><p>The case on this timepiece is made with Height 12.5mm, Width 36mm, Length 33mm and Dial Opening 25mm. The glass is equipped with K1 flat glass to increase the enhanced durability on timepieces as scratch resistant and anti fingerprint. This timepiece is also equipped with Hand Polish Brass Spacer for a longer usage periods. </p></div>\r\n <h4 class=\"info-product__label\">Movement</h4>\r\n<div class=\"info-product__text\"><p>For the first time, MATOA comes with Seiko VD78 movement with a small second function and equipped with K1 flat glass to enhance the durability. </p></div>\r\n<h4 class=\"info-product__label\">Dial</h4>\r\n <div class=\"info-product__text\"><p>In the dial, there are double layer of Makassar Ebony Veneer with 3, 9 & 12 o'clock laser cut brass plate index. Hand The hour, minute & small second hands on MATOA Way Kambas - Sumatran Rhino is outfitted with skeleton hand and brush finished with Gold Matte color. This new design aims at adding a value for this special edition.</p></div>\r\n<h4 class=\"info-product__label\">Important to Note</h4>\r\n<div class=\"info-product__text\"><p>Wood color on watches is produced from a combination of mature and fresh wood but should not be viewed as a defect. It is a very natural process of wood aging.</p></div>", "description_for_slider": "", "time_create": "2023-08-20T10:20:43.006Z", "time_edited": "2023-08-25T19:09:00.367Z", "is_published": true, "category": 1, "new": false, "hit": false, "model": "MAPLE", "related_product": 4, "card_image": "photos/product_images/2023/08/20/03-preview.jpg", "card_image_webp": "photos/product_images/59718569086046268ce9f64e84d3bc60.webp", "main_image": "photos/product_images/2023/08/20/03-main.png", "main_image_webp": "photos/product_images/4decc2951dc44fa3a01e7a9728642d31.webp", "price": 87, "discount": 25, "favourites": [1]}}, {"model": "mstore.product", "pk": 4, "fields": {"name": "Way Kambas Mini Ebony", "slug": "way-kambas-mini-ebony", "description": "<h4 class=\"info-product__label\">Material </h4>\r\n<div class=\"info-product__text\"><p>MATOA Way Kambas - Sumatran Rhino comes with a material form of Makassar Ebony (Diospyros celebica). This wood is chosen to represent the Sumatran Rhino's skin which is designed with an overlap effect on its strap to represent Rhino's skin. Sumatran Rhino has unique skin fold, the skin is fairly thin about 10-16mm, and is soft and pliable.</p></div>\r\n<h4 class=\"info-product__label\">Case </h4>\r\n<div class=\"info-product__text\"><p>The case on this timepiece is made with Height 12.5mm, Width 36mm, Length 33mm and Dial Opening 25mm. The glass is equipped with K1 flat glass to increase the enhanced durability on timepieces as scratch resistant and anti fingerprint. This timepiece is also equipped with Hand Polish Brass Spacer for a longer usage periods. </p></div>\r\n<h4 class=\"info-product__label\">Movement </h4>\r\n<div class=\"info-product__text\"><p>For the first time, MATOA comes with Seiko VD78 movement with a small second function and equipped with K1 flat glass to enhance the durability. </p></div>\r\n<h4 class=\"info-product__label\">Dial </h4>\r\n<div class=\"info-product__text\"><p>In the dial, there are double layer of Makassar Ebony Veneer with 3, 9 & 12 o'clock laser cut brass plate index. Hand The hour, minute & small second hands on MATOA Way Kambas - Sumatran Rhino is outfitted with skeleton hand and brush finished with Gold Matte color. This new design aims at adding a value for this special edition. </p></div>\r\n<h4 class=\"info-product__label\">Important to Note </h4>\r\n<div class=\"info-product__text\"><p>Wood color on watches is produced from a combination of mature and fresh wood but should not be viewed as a defect. It is a very natural process of wood aging.</p></div>", "description_for_slider": "MATOA Way Kambas - This wood is chosen to represent the Sumatran Rhino's skin which is designed with an overlap effect on its strap to represent Rhino's skin.", "time_create": "2023-08-20T11:50:01.888Z", "time_edited": "2023-08-25T17:51:13.269Z", "is_published": true, "category": 1, "new": false, "hit": false, "model": "EBONY", "related_product": 3, "card_image": "photos/product_images/2023/08/20/04-preview.jpg", "card_image_webp": "photos/product_images/c16102bd5b3b426096f450bf2ddb88e8.webp", "main_image": "photos/product_images/2023/08/20/04-main.png", "main_image_webp": "photos/product_images/cbb978df09ca4786a4489b261e96687a.webp", "price": 87, "discount": 25, "favourites": []}}, {"model": "mstore.product", "pk": 5, "fields": {"name": "Singo Maple", "slug": "singo-maple", "description": "<h4 class=\"info-product__label\">Material </h4>\r\n<div class=\"info-product__text\"><p>The updated features and design of MATOA Singo raised the harmony of two different materials: Wood and Stainless Steel. </p></div>\r\n<h4 class=\"info-product__label\">Hand </h4>\r\n<div class=\"info-product__text\"><p>MATOA Singo give you a sense of elegance with a ray of Gold in its stainless steel case and by combined it with a water splash proof wood case, this timepiece have a water resistance up to 3ATM+ which makes it safe for any weather condition. </p></div>\r\n<h4 class=\"info-product__label\">Important to Note </h4>\r\n<div class=\"info-product__text\"><p>Wood color on watches is produced from a combination of mature and fresh wood but should not be viewed as a defect. It is a very natural process of wood aging.</p></div>", "description_for_slider": "", "time_create": "2023-08-20T12:03:57.499Z", "time_edited": "2023-08-25T18:36:13.604Z", "is_published": true, "category": 1, "new": false, "hit": false, "model": "MAPLE", "related_product": 6, "card_image": "photos/product_images/2023/08/20/05-preview.jpg", "card_image_webp": "photos/product_images/fe772078f54c4d60ae4d31267c76557f.webp", "main_image": "photos/product_images/2023/08/20/05-main.png", "main_image_webp": "photos/product_images/2e07a52211c74781ba62f71c5445537d.webp", "price": 106, "discount": 25, "favourites": [1]}}, {"model": "mstore.product", "pk": 6, "fields": {"name": "Singo Ebony", "slug": "singo-ebony", "description": "<h4 class=\"info-product__label\">Material </h4>\r\n<div class=\"info-product__text\"><p>The updated features and design of MATOA Singo raised the harmony of two different materials: Wood and Stainless Steel. </p></div>\r\n<h4 class=\"info-product__label\">Hand </h4>\r\n<div class=\"info-product__text\"><p>MATOA Singo give you a sense of elegance with a ray of Gold in its stainless steel case and by combined it with a water splash proof wood case, this timepiece have a water resistance up to 3ATM+ which makes it safe for any weather condition. </p></div>\r\n<h4 class=\"info-product__label\">Important to Note </h4>\r\n<div class=\"info-product__text\"><p>Wood color on watches is produced from a combination of mature and fresh wood but should not be viewed as a defect. It is a very natural process of wood aging.</p></div>", "description_for_slider": "A Royal TimePiece From The Forest Spirit. Adapted from the Lion mythology in Indonesia where it symbolized strength and majesty, MATOA Singo is an embodiment that balances the real world and the spirit world.", "time_create": "2023-08-20T12:05:11.296Z", "time_edited": "2023-08-25T18:38:08.196Z", "is_published": true, "category": 1, "new": false, "hit": false, "model": "EBONY", "related_product": 5, "card_image": "photos/product_images/2023/08/20/06-preview.jpg", "card_image_webp": "photos/product_images/52f6ce7c5eeb4a1f971d4bc3d4fc5d6c.webp", "main_image": "photos/product_images/2023/08/20/06-main.png", "main_image_webp": "photos/product_images/a3613a5cf1984acfbfa9f9fad8c604da.webp", "price": 106, "discount": 25, "favourites": []}}, {"model": "mstore.product", "pk": 7, "fields": {"name": "Rakai Full Moon", "slug": "rakai-full-moon", "description": "<h4 class=\"info-product__label\">Dial </h4>\r\n<div class=\"info-product__text\"><p>MATOA Rakai Fullmoon came as a new hope by using the double layer maple veneer on its dials. </p></div>\r\n<h4 class=\"info-product__label\">Important to Note </h4>\r\n<div class=\"info-product__text\"><p>Wood color on watches is produced from a combination of mature and fresh wood but should not be viewed as a defect. It is a very natural process of wood aging.</p></div>", "description_for_slider": "MATOA Rakai Fullmoon: The Rise Of New Hope In A Timepiece Draws its inspiration from a moonphase where it represents our deepest personal needs and it has its own unique characteristic.", "time_create": "2023-08-20T12:14:05.941Z", "time_edited": "2023-08-25T18:43:01.079Z", "is_published": true, "category": 1, "new": false, "hit": false, "model": "MAPLE", "related_product": 8, "card_image": "photos/product_images/2023/08/20/07-preview.jpg", "card_image_webp": "photos/product_images/2399dd6cf21e4194a58e798fe22db792.webp", "main_image": "photos/product_images/2023/08/20/07-main.png", "main_image_webp": "photos/product_images/0d37797ae17c4165bf72edb1c75168c8.webp", "price": 87, "discount": 20, "favourites": []}}, {"model": "mstore.product", "pk": 8, "fields": {"name": "Rakai Ebony", "slug": "rakai-ebony", "description": "<h4 class=\"info-product__label\">Material </h4>\r\n<div class=\"info-product__text\"><p>MATOA Rakai is where innovation, history, and modernity meets. It is the first wooden watch that uses Dome Sapphire Coated K-1 Mineral Glass that makes this timepiece anti-reflective, anti-fingerprint, & scratchproof coat. </p></div>\r\n<h4 class=\"info-product__label\">Important to Note </h4>\r\n<div class=\"info-product__text\"><p>Wood color on watches is produced from a combination of mature and fresh wood but should not be viewed as a defect. It is a very natural process of wood aging.</p></div>", "description_for_slider": "", "time_create": "2023-08-20T12:15:27.091Z", "time_edited": "2023-08-25T18:41:25.103Z", "is_published": true, "category": 1, "new": false, "hit": false, "model": "EBONY", "related_product": 7, "card_image": "photos/product_images/2023/08/20/08-preview.jpg", "card_image_webp": "photos/product_images/ce559fef2b94418884ed091caccfa5c5.webp", "main_image": "photos/product_images/2023/08/20/08-main.png", "main_image_webp": "photos/product_images/1678fa4a3a68416cb4ff53c363450cf5.webp", "price": 87, "discount": 20, "favourites": []}}, {"model": "mstore.product", "pk": 9, "fields": {"name": "Kumbang Jingga Maple", "slug": "kumbang-jingga-maple", "description": "<h4 class=\"info-product__label\">Material </h4>\r\n<div class=\"info-product__text\"><p>MATOA Kumbang Jingga Maple for those of you who is enthusiastic & have a high level of confidence. By using Maple wood as its main material, its bright color will give you a sense of purity and simplicity. </p></div>\r\n<h4 class=\"info-product__label\">Important to Note </h4>\r\n<div class=\"info-product__text\"><p>Wood color on watches is produced from a combination of mature and fresh wood but should not be viewed as a defect. It is a very natural process of wood aging.</p></div>", "description_for_slider": "", "time_create": "2023-08-20T12:20:44.173Z", "time_edited": "2023-08-25T18:45:29.335Z", "is_published": true, "category": 1, "new": false, "hit": true, "model": "MAPLE", "related_product": 10, "card_image": "photos/product_images/2023/08/20/09-preview.jpg", "card_image_webp": "photos/product_images/68e81f4d4ac945e29972c7933b593aad.webp", "main_image": "photos/product_images/2023/08/20/09-main.png", "main_image_webp": "photos/product_images/96f939bd03eb4d3fbd17f04813130d27.webp", "price": 84, "discount": 20, "favourites": []}}, {"model": "mstore.product", "pk": 10, "fields": {"name": "Kumbang Indigo Ebony", "slug": "kumbang-indigo-ebony", "description": "<h4 class=\"info-product__label\">Material </h4>\r\n<div class=\"info-product__text\"><p>MATOA Kumbang Indigo Ebony for those of you who believe that integrity & sincerity is a vital thing. By using Ebony wood as its main material, its dark color will give a sense of sophistication and elegance to your look. </p></div>\r\n<h4 class=\"info-product__label\">Important to Note </h4>\r\n<div class=\"info-product__text\"><p>Wood color on watches is produced from a combination of mature and fresh wood but should not be viewed as a defect. It is a very natural process of wood aging.</p></div>", "description_for_slider": "MATOA Kumbang Indigo Ebony for those of you who believe that integrity & sincerity is a vital thing. By using Ebony wood as its main material, its dark color will give a sense of sophistication and elegance to your look.", "time_create": "2023-08-20T12:22:19.240Z", "time_edited": "2023-08-25T18:45:24.581Z", "is_published": true, "category": 1, "new": true, "hit": false, "model": "EBONY", "related_product": 9, "card_image": "photos/product_images/2023/08/20/10-preview.jpg", "card_image_webp": "photos/product_images/b8724bf0e22f446c9c52a4c743e89d87.webp", "main_image": "photos/product_images/2023/08/20/10-main.png", "main_image_webp": "photos/product_images/6c22d06860d04efcafe22a34389468c5.webp", "price": 84, "discount": 0, "favourites": []}}, {"model": "mstore.product", "pk": 11, "fields": {"name": "Singo x Garuda", "slug": "singo-x-garuda", "description": "<div class=\"info-product__text\"><p>MATOA x Garuda Indonesia presents \" The Blue Hour\" </p></div>\r\n<h4 class=\"info-product__label\">Material </h4>\r\n<div class=\"info-product__text\"><p>We come together to do a co-branded version of the signature wooden timepiece. The blue shade on its watch dial blended with the maple's wood stroke will make you stand out for a comfy travel outfit! </p></div>\r\n<h4 class=\"info-product__label\">Important to Note </h4>\r\n<div class=\"info-product__text\"><p>Wood color on watches is produced from a combination of mature and fresh wood but should not be viewed as a defect. It is a very natural process of wood aging.</p></div>", "description_for_slider": "", "time_create": "2023-08-20T12:24:06.375Z", "time_edited": "2023-08-25T18:48:16.447Z", "is_published": true, "category": 1, "new": true, "hit": false, "model": "MAPLE", "related_product": null, "card_image": "photos/product_images/2023/08/20/11-preview.jpg", "card_image_webp": "photos/product_images/045ef80a85f84084a34efed24eb59fd3.webp", "main_image": "photos/product_images/2023/08/20/11-main.png", "main_image_webp": "photos/product_images/edc6f07beb204b8ea0b721ee6cf57035.webp", "price": 106, "discount": 0, "favourites": []}}, {"model": "mstore.product", "pk": 12, "fields": {"name": "Sunda", "slug": "sunda", "description": "<h4 class=\"info-product__label\">Material </h4>\r\n<div class=\"info-product__text\"><p>Stylish and timeless maple wood. </p></div>\r\n<h4 class=\"info-product__label\">Important to Note </h4>\r\n<div class=\"info-product__text\"><p>Wood color on watches is produced from a combination of mature and fresh wood but should not be viewed as a defect. It is a very natural process of wood aging.</p></div>", "description_for_slider": "", "time_create": "2023-08-20T13:06:28.121Z", "time_edited": "2023-08-25T18:48:13.619Z", "is_published": true, "category": 1, "new": false, "hit": false, "model": "MAPLE", "related_product": 13, "card_image": "photos/product_images/2023/08/20/12-preview.jpg", "card_image_webp": "photos/product_images/02d1e6b1c4a44c09b487d1c26f79fe14.webp", "main_image": "photos/product_images/2023/08/20/12-main.png", "main_image_webp": "photos/product_images/bdef83e505dd4cba8f477ebfc8526a93.webp", "price": 76, "discount": 0, "favourites": []}}, {"model": "mstore.product", "pk": 13, "fields": {"name": "Alor", "slug": "alor", "description": "<h4 class=\"info-product__label\">Material </h4>\r\n<div class=\"info-product__text\"><p>Often called a hidden paradise, the beauty of Alor Island has inspired us to create MATOA ALOR. Made from Makassar ebony wood, this timepiece gives an elegant look to whoever owns it. </p></div>\r\n<h4 class=\"info-product__label\">Important to Note </h4>\r\n<div class=\"info-product__text\"><p>Wood color on watches is produced from a combination of mature and fresh wood but should not be viewed as a defect. It is a very natural process of wood aging.</p></div>", "description_for_slider": "", "time_create": "2023-08-20T13:08:04.643Z", "time_edited": "2023-08-25T18:49:41.249Z", "is_published": true, "category": 1, "new": false, "hit": false, "model": "EBONY", "related_product": 12, "card_image": "photos/product_images/2023/08/20/13-preview.jpg", "card_image_webp": "photos/product_images/7d2a87f4e1184dbe89e9322274af8394.webp", "main_image": "photos/product_images/2023/08/20/13-main.png", "main_image_webp": "photos/product_images/6dd0e9b3767d4f4d9c012029fb8a153c.webp", "price": 76, "discount": 0, "favourites": []}}, {"model": "mstore.product", "pk": 14, "fields": {"name": "Kaili", "slug": "kaili", "description": "<h4 class=\"info-product__label\">Material </h4>\r\n<div class=\"info-product__text\"><p>MATOA Kaili: Authenticity of A Timepiece MATOA Kaili represents ethnic diversity. This article is the authentic embodiment of beauty. By using Maple wood as its main material, its bright color will give you a sense of purity and simplicity. </p></div>\r\n<h4 class=\"info-product__label\">Design </h4>\r\n<div class=\"info-product__text\"><p>This product comes in a more compact size with a feminine design style lies on every inch of its detail. </p></div>\r\n<h4 class=\"info-product__label\">Important to Note </h4>\r\n<div class=\"info-product__text\"><p>Wood color on watches is produced from a combination of mature and fresh wood but should not be viewed as a defect. It is a very natural process of wood aging.</p></div>", "description_for_slider": "", "time_create": "2023-08-20T13:09:32.309Z", "time_edited": "2023-08-25T18:55:11.203Z", "is_published": true, "category": 1, "new": false, "hit": false, "model": "MAPLE", "related_product": 15, "card_image": "photos/product_images/2023/08/20/14-preview.jpg", "card_image_webp": "photos/product_images/ae17e0ff974a4507a577b6f6c434d298.webp", "main_image": "photos/product_images/2023/08/20/14-main.png", "main_image_webp": "photos/product_images/4d1a9fa4b87b433497b8a90b15d90010.webp", "price": 62, "discount": 20, "favourites": []}}, {"model": "mstore.product", "pk": 15, "fields": {"name": "Mori", "slug": "mori", "description": "<h4 class=\"info-product__label\">Material </h4>\r\n<div class=\"info-product__text\"><p>MATOA Mori represents ethnic diversity. This article is the authentic embodiment of beauty. By using Ebony wood as its main material, its dark color will give a sense of sophistication and elegance to your look. </p></div>\r\n<h4 class=\"info-product__label\">Design </h4>\r\n<div class=\"info-product__text\"><p>This product comes in a more compact size with a feminine design style lies on every inch of its detail. </p></div>\r\n<h4 class=\"info-product__label\">Important to Note </h4>\r\n<div class=\"info-product__text\"><p>Wood color on watches is produced from a combination of mature and fresh wood but should not be viewed as a defect. It is a very natural process of wood aging.</p></div>", "description_for_slider": "", "time_create": "2023-08-20T13:10:47.957Z", "time_edited": "2023-08-25T18:55:08.334Z", "is_published": true, "category": 1, "new": false, "hit": false, "model": "EBONY", "related_product": 14, "card_image": "photos/product_images/2023/08/20/15-preview.jpg", "card_image_webp": "photos/product_images/6d798eb0f13a46f0920947db39c508e0.webp", "main_image": "photos/product_images/2023/08/20/15-main.png", "main_image_webp": "photos/product_images/990b21bfbf48456082f9cd285045650f.webp", "price": 62, "discount": 20, "favourites": []}}, {"model": "mstore.product", "pk": 16, "fields": {"name": "Elora Maple", "slug": "elora-maple", "description": "<h4 class=\"info-product__label\">Material </h4>\r\n<div class=\"info-product__text\"><p>MATOA Elora: A Breakthrough Timepiece Draws inspiration from the toughness of women that symbolize with leather and wood. </p></div>\r\n<h4 class=\"info-product__label\">Dial </h4>\r\n<div class=\"info-product__text\"><p>MATOA Elora arrives as a breakthrough in our history, we also maximize our innovation with a superluminova orange finish that will work in dark situations, not to forget Elora also equipped with a 3+ATM feature makes this timepiece a splash proof product that suitable for any weather condition.</p></div>", "description_for_slider": "", "time_create": "2023-08-20T13:12:11.973Z", "time_edited": "2023-08-25T19:01:29.650Z", "is_published": true, "category": 1, "new": false, "hit": false, "model": "MAPLE", "related_product": 17, "card_image": "photos/product_images/2023/08/20/16-preview.jpg", "card_image_webp": "photos/product_images/31e0d3574ca2444797841bd56317a008.webp", "main_image": "photos/product_images/2023/08/20/16-main.png", "main_image_webp": "photos/product_images/18b8cc12862841b9b1d0d95b7ddce41e.webp", "price": 106, "discount": 0, "favourites": []}}, {"model": "mstore.product", "pk": 17, "fields": {"name": "Elora Ebony", "slug": "elora-ebony", "description": "<h4 class=\"info-product__label\">Material </h4>\r\n<div class=\"info-product__text\"><p>MATOA Elora: A Breakthrough Timepiece Draws inspiration from the toughness of women that symbolize with leather and wood. </p></div>\r\n<h4 class=\"info-product__label\">Dial </h4>\r\n<div class=\"info-product__text\"><p>MATOA Elora arrives as a breakthrough in our history, we also maximize our innovation with a superluminova orange finish that will work in dark situations, not to forget Elora also equipped with a 3+ATM feature makes this timepiece a splash proof product that suitable for any weather condition.</p></div>", "description_for_slider": "", "time_create": "2023-08-20T13:13:51.399Z", "time_edited": "2023-08-25T19:01:27.100Z", "is_published": true, "category": 1, "new": false, "hit": true, "model": "EBONY", "related_product": 16, "card_image": "photos/product_images/2023/08/20/17-preview.jpg", "card_image_webp": "photos/product_images/d555c79d34fd445eae3df550a4d6f8c2.webp", "main_image": "photos/product_images/2023/08/20/17-main.png", "main_image_webp": "photos/product_images/63e4f595b89e4980afaa5daca5b56eb0.webp", "price": 106, "discount": 0, "favourites": []}}, {"model": "mstore.product", "pk": 18, "fields": {"name": "Lore Cherry", "slug": "lore-cherry", "description": "<h4 class=\"info-product__label\">Material </h4>\r\n<div class=\"info-product__text\"><p>Cherry wood. </p></div>\r\n<h4 class=\"info-product__label\">Design </h4>\r\n<div class=\"info-product__text\"><p>Combining a touch of nature and minimalist design, MATOA Lore is an attractive accessory for any occasion.</p></div>", "description_for_slider": "", "time_create": "2023-08-20T13:15:28.937Z", "time_edited": "2023-08-25T19:04:28.039Z", "is_published": true, "category": 2, "new": false, "hit": false, "model": "FEATURED", "related_product": null, "card_image": "photos/product_images/2023/08/20/18-preview.jpg", "card_image_webp": "photos/product_images/cb10b83ab55b44c3bfe22ac9da77de5e.webp", "main_image": "photos/product_images/2023/08/20/18-main.png", "main_image_webp": "photos/product_images/836081d41eb34a0187f630047f715539.webp", "price": 82, "discount": 0, "favourites": []}}, {"model": "mstore.product", "pk": 19, "fields": {"name": "Lore Walnut", "slug": "lore-walnut", "description": "<h4 class=\"info-product__label\">Material </h4>\r\n<div class=\"info-product__text\"><p></p>Walnut wood. </div>\r\n<h4 class=\"info-product__label\">Design </h4>\r\n<div class=\"info-product__text\"><p>Combining a touch of nature and minimalist design, MATOA Lore is an attractive accessory for any occasion.</p></div>", "description_for_slider": "", "time_create": "2023-08-20T13:16:51.940Z", "time_edited": "2023-08-25T19:04:31.600Z", "is_published": true, "category": 2, "new": false, "hit": false, "model": "FEATURED", "related_product": null, "card_image": "photos/product_images/2023/08/20/19-preview.jpg", "card_image_webp": "photos/product_images/0916d82bed4045d0a47904ace9fc7a96.webp", "main_image": "photos/product_images/2023/08/20/19-main.png", "main_image_webp": "photos/product_images/8f564e243adf42afa00705c28bfab82e.webp", "price": 82, "discount": 0, "favourites": []}}, {"model": "mstore.product", "pk": 20, "fields": {"name": "Sikka Ebony", "slug": "sikka-ebony", "description": "<div class=\"info-product__text\"><p>Layered with MATOA Strap, your Apple Watch look will be more elegant and timeless.</p></div>", "description_for_slider": "", "time_create": "2023-08-20T13:18:51.257Z", "time_edited": "2023-08-25T19:06:06.502Z", "is_published": true, "category": 3, "new": true, "hit": false, "model": "EBONY", "related_product": 21, "card_image": "photos/product_images/2023/08/20/20-preview.jpg", "card_image_webp": "photos/product_images/71d71741f9ec48e2968a7ac024014f5e.webp", "main_image": "photos/product_images/2023/08/20/20-main_rkRpuQw.png", "main_image_webp": "photos/product_images/da2ac6cff7e940beba749bcdf7e4c2c5.webp", "price": 78, "discount": 0, "favourites": []}}, {"model": "mstore.product", "pk": 21, "fields": {"name": "Sikka Maple", "slug": "sikka-maple", "description": "<div class=\"info-product__text\"><p>Layered with MATOA Strap, your Apple Watch look will be more elegant and timeless.</p></div>", "description_for_slider": "", "time_create": "2023-08-20T13:45:48.466Z", "time_edited": "2023-08-25T19:06:04.006Z", "is_published": true, "category": 3, "new": false, "hit": false, "model": "MAPLE", "related_product": 20, "card_image": "photos/product_images/2023/08/20/20-preview_UZFQmrZ.jpg", "card_image_webp": "photos/product_images/36aa8194542b424c970502ceeefeae87.webp", "main_image": "photos/product_images/2023/08/25/20-main.png", "main_image_webp": "photos/product_images/7293dcb4a0894986ae1a8343d75833f3.webp", "price": 77, "discount": 0, "favourites": []}}, {"model": "mstore.productimage", "pk": 1, "fields": {"p_image": "photos/product_images/2023/08/20/01-2.png", "image_webp": "photos/product_images/2023/08/20/01-2.webp", "product": 1}}, {"model": "mstore.productimage", "pk": 2, "fields": {"p_image": "photos/product_images/2023/08/20/01-3_UQGHXNS.png", "image_webp": "photos/product_images/2023/08/20/01-3_wT0FXTK.webp", "product": 1}}, {"model": "mstore.productimage", "pk": 3, "fields": {"p_image": "photos/product_images/2023/08/20/01-4.png", "image_webp": "photos/product_images/2023/08/20/01-4.webp", "product": 1}}, {"model": "mstore.productimage", "pk": 4, "fields": {"p_image": "photos/product_images/2023/08/20/01-5.png", "image_webp": "photos/product_images/2023/08/20/01-5.webp", "product": 1}}, {"model": "mstore.productimage", "pk": 5, "fields": {"p_image": "photos/product_images/2023/08/20/02-1.png", "image_webp": "photos/product_images/2023/08/20/02-1.webp", "product": 2}}, {"model": "mstore.productimage", "pk": 6, "fields": {"p_image": "photos/product_images/2023/08/20/02-2.png", "image_webp": "photos/product_images/2023/08/20/02-2.webp", "product": 2}}, {"model": "mstore.productimage", "pk": 7, "fields": {"p_image": "photos/product_images/2023/08/20/02-3.png", "image_webp": "photos/product_images/2023/08/20/02-3.webp", "product": 2}}, {"model": "mstore.productimage", "pk": 8, "fields": {"p_image": "photos/product_images/2023/08/20/02-main_cR8Axhd.png", "image_webp": "photos/product_images/2023/08/20/02-main.webp", "product": 2}}, {"model": "mstore.productimage", "pk": 9, "fields": {"p_image": "photos/product_images/2023/08/20/03-2.png", "image_webp": "photos/product_images/2023/08/20/03-2.webp", "product": 3}}, {"model": "mstore.productimage", "pk": 10, "fields": {"p_image": "photos/product_images/2023/08/20/03-3.png", "image_webp": "photos/product_images/2023/08/20/03-3.webp", "product": 3}}, {"model": "mstore.productimage", "pk": 11, "fields": {"p_image": "photos/product_images/2023/08/20/03-4.png", "image_webp": "photos/product_images/2023/08/20/03-4.webp", "product": 3}}, {"model": "mstore.productimage", "pk": 12, "fields": {"p_image": "photos/product_images/2023/08/20/04-2.png", "image_webp": "photos/product_images/2023/08/20/04-2.webp", "product": 4}}, {"model": "mstore.productimage", "pk": 13, "fields": {"p_image": "photos/product_images/2023/08/20/04-3.png", "image_webp": "photos/product_images/2023/08/20/04-3.webp", "product": 4}}, {"model": "mstore.productimage", "pk": 14, "fields": {"p_image": "photos/product_images/2023/08/20/04-4.png", "image_webp": "photos/product_images/2023/08/20/04-4.webp", "product": 4}}, {"model": "mstore.productimage", "pk": 15, "fields": {"p_image": "photos/product_images/2023/08/20/05-4.png", "image_webp": "photos/product_images/2023/08/20/05-4.webp", "product": 5}}, {"model": "mstore.productimage", "pk": 16, "fields": {"p_image": "photos/product_images/2023/08/20/05-3.png", "image_webp": "photos/product_images/2023/08/20/05-3.webp", "product": 5}}, {"model": "mstore.productimage", "pk": 17, "fields": {"p_image": "photos/product_images/2023/08/20/05-2.png", "image_webp": "photos/product_images/2023/08/20/05-2.webp", "product": 5}}, {"model": "mstore.productimage", "pk": 18, "fields": {"p_image": "photos/product_images/2023/08/20/06-4.png", "image_webp": "photos/product_images/2023/08/20/06-4.webp", "product": 6}}, {"model": "mstore.productimage", "pk": 19, "fields": {"p_image": "photos/product_images/2023/08/20/06-3.png", "image_webp": "photos/product_images/2023/08/20/06-3.webp", "product": 6}}, {"model": "mstore.productimage", "pk": 20, "fields": {"p_image": "photos/product_images/2023/08/20/06-2.png", "image_webp": "photos/product_images/2023/08/20/06-2.webp", "product": 6}}, {"model": "mstore.productimage", "pk": 21, "fields": {"p_image": "photos/product_images/2023/08/20/07-4.png", "image_webp": "photos/product_images/2023/08/20/07-4.webp", "product": 7}}, {"model": "mstore.productimage", "pk": 22, "fields": {"p_image": "photos/product_images/2023/08/20/07-3.png", "image_webp": "photos/product_images/2023/08/20/07-3.webp", "product": 7}}, {"model": "mstore.productimage", "pk": 23, "fields": {"p_image": "photos/product_images/2023/08/20/07-2.png", "image_webp": "photos/product_images/2023/08/20/07-2.webp", "product": 7}}, {"model": "mstore.productimage", "pk": 24, "fields": {"p_image": "photos/product_images/2023/08/20/08-4.png", "image_webp": "photos/product_images/2023/08/20/08-4.webp", "product": 8}}, {"model": "mstore.productimage", "pk": 25, "fields": {"p_image": "photos/product_images/2023/08/20/08-3.png", "image_webp": "photos/product_images/2023/08/20/08-3.webp", "product": 8}}, {"model": "mstore.productimage", "pk": 26, "fields": {"p_image": "photos/product_images/2023/08/20/08-2.png", "image_webp": "photos/product_images/2023/08/20/08-2.webp", "product": 8}}, {"model": "mstore.productimage", "pk": 27, "fields": {"p_image": "photos/product_images/2023/08/20/09-4.png", "image_webp": "photos/product_images/2023/08/20/09-4.webp", "product": 9}}, {"model": "mstore.productimage", "pk": 28, "fields": {"p_image": "photos/product_images/2023/08/20/09-3.png", "image_webp": "photos/product_images/2023/08/20/09-3.webp", "product": 9}}, {"model": "mstore.productimage", "pk": 29, "fields": {"p_image": "photos/product_images/2023/08/20/09-2.png", "image_webp": "photos/product_images/2023/08/20/09-2.webp", "product": 9}}, {"model": "mstore.productimage", "pk": 30, "fields": {"p_image": "photos/product_images/2023/08/20/10-4.png", "image_webp": "photos/product_images/2023/08/20/10-4.webp", "product": 10}}, {"model": "mstore.productimage", "pk": 31, "fields": {"p_image": "photos/product_images/2023/08/20/10-3.png", "image_webp": "photos/product_images/2023/08/20/10-3.webp", "product": 10}}, {"model": "mstore.productimage", "pk": 32, "fields": {"p_image": "photos/product_images/2023/08/20/10-2.png", "image_webp": "photos/product_images/2023/08/20/10-2.webp", "product": 10}}, {"model": "mstore.productimage", "pk": 33, "fields": {"p_image": "photos/product_images/2023/08/20/11-3.jpg", "image_webp": "photos/product_images/2023/08/20/11-3.webp", "product": 11}}, {"model": "mstore.productimage", "pk": 34, "fields": {"p_image": "photos/product_images/2023/08/20/11-2.jpg", "image_webp": "photos/product_images/2023/08/20/11-2.webp", "product": 11}}, {"model": "mstore.productimage", "pk": 35, "fields": {"p_image": "photos/product_images/2023/08/20/12-4.png", "image_webp": "photos/product_images/2023/08/20/12-4.webp", "product": 12}}, {"model": "mstore.productimage", "pk": 36, "fields": {"p_image": "photos/product_images/2023/08/20/12-3.png", "image_webp": "photos/product_images/2023/08/20/12-3.webp", "product": 12}}, {"model": "mstore.productimage", "pk": 37, "fields": {"p_image": "photos/product_images/2023/08/20/12-2.png", "image_webp": "photos/product_images/2023/08/20/12-2.webp", "product": 12}}, {"model": "mstore.productimage", "pk": 38, "fields": {"p_image": "photos/product_images/2023/08/20/13-4.png", "image_webp": "photos/product_images/2023/08/20/13-4.webp", "product": 13}}, {"model": "mstore.productimage", "pk": 39, "fields": {"p_image": "photos/product_images/2023/08/20/13-3.png", "image_webp": "photos/product_images/2023/08/20/13-3.webp", "product": 13}}, {"model": "mstore.productimage", "pk": 40, "fields": {"p_image": "photos/product_images/2023/08/20/13-2.png", "image_webp": "photos/product_images/2023/08/20/13-2.webp", "product": 13}}, {"model": "mstore.productimage", "pk": 41, "fields": {"p_image": "photos/product_images/2023/08/20/14-4.png", "image_webp": "photos/product_images/2023/08/20/14-4.webp", "product": 14}}, {"model": "mstore.productimage", "pk": 42, "fields": {"p_image": "photos/product_images/2023/08/20/14-3.png", "image_webp": "photos/product_images/2023/08/20/14-3.webp", "product": 14}}, {"model": "mstore.productimage", "pk": 43, "fields": {"p_image": "photos/product_images/2023/08/20/14-2.png", "image_webp": "photos/product_images/2023/08/20/14-2.webp", "product": 14}}, {"model": "mstore.productimage", "pk": 44, "fields": {"p_image": "photos/product_images/2023/08/20/15-4.png", "image_webp": "photos/product_images/2023/08/20/15-4.webp", "product": 15}}, {"model": "mstore.productimage", "pk": 45, "fields": {"p_image": "photos/product_images/2023/08/20/15-3.png", "image_webp": "photos/product_images/2023/08/20/15-3.webp", "product": 15}}, {"model": "mstore.productimage", "pk": 46, "fields": {"p_image": "photos/product_images/2023/08/20/15-2.png", "image_webp": "photos/product_images/2023/08/20/15-2.webp", "product": 15}}, {"model": "mstore.productimage", "pk": 47, "fields": {"p_image": "photos/product_images/2023/08/20/16-3.png", "image_webp": "photos/product_images/2023/08/20/16-3.webp", "product": 16}}, {"model": "mstore.productimage", "pk": 48, "fields": {"p_image": "photos/product_images/2023/08/20/16-2.png", "image_webp": "photos/product_images/2023/08/20/16-2.webp", "product": 16}}, {"model": "mstore.productimage", "pk": 49, "fields": {"p_image": "photos/product_images/2023/08/20/17-3.png", "image_webp": "photos/product_images/2023/08/20/17-3.webp", "product": 17}}, {"model": "mstore.productimage", "pk": 50, "fields": {"p_image": "photos/product_images/2023/08/20/17-2.png", "image_webp": "photos/product_images/2023/08/20/17-2.webp", "product": 17}}, {"model": "mstore.productimage", "pk": 51, "fields": {"p_image": "photos/product_images/2023/08/20/18-4.png", "image_webp": "photos/product_images/2023/08/20/18-4.webp", "product": 18}}, {"model": "mstore.productimage", "pk": 52, "fields": {"p_image": "photos/product_images/2023/08/20/18-3.png", "image_webp": "photos/product_images/2023/08/20/18-3.webp", "product": 18}}, {"model": "mstore.productimage", "pk": 53, "fields": {"p_image": "photos/product_images/2023/08/20/18-2.png", "image_webp": "photos/product_images/2023/08/20/18-2.webp", "product": 18}}, {"model": "mstore.productimage", "pk": 54, "fields": {"p_image": "photos/product_images/2023/08/20/19-4.png", "image_webp": "photos/product_images/2023/08/20/19-4.webp", "product": 19}}, {"model": "mstore.productimage", "pk": 55, "fields": {"p_image": "photos/product_images/2023/08/20/19-3.png", "image_webp": "photos/product_images/2023/08/20/19-3.webp", "product": 19}}, {"model": "mstore.productimage", "pk": 56, "fields": {"p_image": "photos/product_images/2023/08/20/19-2.png", "image_webp": "photos/product_images/2023/08/20/19-2.webp", "product": 19}}, {"model": "mstore.productcategory", "pk": 1, "fields": {"name": "Watches", "slug": "watches"}}, {"model": "mstore.productcategory", "pk": 2, "fields": {"name": "Eyewear", "slug": "eyewear"}}, {"model": "mstore.productcategory", "pk": 3, "fields": {"name": "Accessories", "slug": "accessories"}}, {"model": "mstore.productscheme", "pk": 1, "fields": {"scheme_image": "photos/product_images/2023/08/25/т_юяшёрэшх.jpg", "scheme_image_webp": "photos/product_images/2023/08/25/т_юяшёрэшх.webp", "product": 3}}, {"model": "mstore.productscheme", "pk": 2, "fields": {"scheme_image": "photos/product_images/2023/08/25/т_юяшёрэшх_MTLProo.jpg", "scheme_image_webp": "photos/product_images/2023/08/25/т_юяшёрэшх_JnDQ9f0.webp", "product": 4}}, {"model": "mstore.customer", "pk": 1, "fields": {"title": "admin", "user": 1, "email": ""}}, {"model": "mstore.customer", "pk": 2, "fields": {"title": "andmak", "user": 2, "email": "andmak2710@gmail.com"}}, {"model": "mstore.customer", "pk": 3, "fields": {"title": "maks", "user": 3, "email": "andmak2710@gmail.com"}}, {"model": "mstore.order", "pk": 1, "fields": {"customer": 1, "date_ordered": "2023-09-06T18:48:59.716Z", "complete": false, "transaction_id": null}}, {"model": "mstore.orderitem", "pk": 138, "fields": {"product": 4, "order": 1, "quantity": 1, "date_added": "2025-07-08T13:11:15.895Z"}}, {"model": "mstore.orderitem", "pk": 139, "fields": {"product": 17, "order": 1, "quantity": 4, "date_added": "2025-07-08T13:11:19.105Z"}}, {"model": "mstore.orderitem", "pk": 140, "fields": {"product": 2, "order": 1, "quantity": 8, "date_added": "2025-07-09T11:13:37.473Z"}}, {"model": "mstore.orderitem", "pk": 141, "fields": {"product": 6, "order": 1, "quantity": 1, "date_added": "2025-07-09T11:34:19.453Z"}}, {"model": "mstore.orderitem", "pk": 142, "fields": {"product": 1, "order": 1, "quantity": 6, "date_added": "2025-07-09T11:42:18.355Z"}}, {"model": "mstore.orderitem", "pk": 143, "fields": {"product": 11, "order": 1, "quantity": 1, "date_added": "2025-07-09T16:14:52.750Z"}}, {"model": "mstore.orderitem", "pk": 144, "fields": {"product": 3, "order": 1, "quantity": 4, "date_added": "2025-07-09T16:14:56.747Z"}}, {"model": "mstore.orderitem", "pk": 145, "fields": {"product": 9, "order": 1, "quantity": 1, "date_added": "2025-07-09T16:16:01.316Z"}}, {"model": "mstore.orderitem", "pk": 146, "fields": {"product": 7, "order": 1, "quantity": 2, "date_added": "2025-07-09T16:16:55.604Z"}}, {"model": "mstore.orderitem", "pk": 147, "fields": {"product": 8, "order": 1, "quantity": 1, "date_added": "2025-07-09T17:04:04.320Z"}}, {"model": "mstore.orderitem", "pk": 148, "fields": {"product": 15, "order": 1, "quantity": 2, "date_added": "2025-07-09T17:17:24.309Z"}}, {"model": "mstore.favouriteitem", "pk": 22, "fields": {"product": 8, "customer": 1}}, {"model": "mstore.favouriteitem", "pk": 23, "fields": {"product": 17, "customer": 1}}, {"model": "mstore.favouriteitem", "pk": 24, "fields": {"product": 9, "customer": 1}}, {"model": "mstore.favouriteitem", "pk": 25, "fields": {"product": 15, "customer": 1}}, {"model": "mstore.favouriteitem", "pk": 28, "fields": {"product": 19, "customer": 1}}, {"model": "mstore.favouriteitem", "pk": 29, "fields": {"product": 18, "customer": 1}}, {"model": "mstore.favouriteitem", "pk": 30, "fields": {"product": 21, "customer": 1}}, {"model": "mstore.favouriteitem", "pk": 31, "fields": {"product": 20, "customer": 1}}, {"model": "mstore.favouriteitem", "pk": 32, "fields": {"product": 1, "customer": 1}}, {"model": "mstore.favouriteitem", "pk": 33, "fields": {"product": 2, "customer": 1}}, {"model": "mstore.favouriteitem", "pk": 34, "fields": {"product": 3, "customer": 1}}, {"model": "mstore.favouriteitem", "pk": 35, "fields": {"product": 4, "customer": 1}}, {"model": "mstore.favouriteitem", "pk": 36, "fields": {"product": 5, "customer": 1}}]
